{
  "1C14_A_3AM5_A_TCL_malaria": {
    "center": [
      1.9610625000000002,
      17.909875,
      137.8748125
    ],
    "size": [
      19.703000000000003,
      19.703000000000003,
      19.703000000000003
    ],
    "n_points": 16
  },
  "1D7O_A_1NHG_A_TCL_malaria": {
    "center": [
      -0.7899285714285714,
      16.10121428571429,
      39.2895
    ],
    "size": [
      21.552999999999997,
      21.552999999999997,
      21.552999999999997
    ],
    "n_points": 14
  },
  "1D7O_A_3AM3_A_TCL_malaria": {
    "center": [
      -1.3805000000000003,
      16.777124999999998,
      39.644687499999996
    ],
    "size": [
      21.058000000000007,
      21.058000000000007,
      21.058000000000007
    ],
    "n_points": 16
  },
  "1D8A_A_3AM5_A_TCL_malaria": {
    "center": [
      1.7067333333333332,
      19.090666666666664,
      300.6900666666667
    ],
    "size": [
      19.54000000000002,
      19.54000000000002,
      19.54000000000002
    ],
    "n_points": 15
  },
  "1P45_A_3AM5_A_TCL_malaria": {
    "center": [
      8.665648148148145,
      8.812796296296296,
      40.35542592592593
    ],
    "size": [
      21.985,
      21.985,
      21.985
    ],
    "n_points": 54
  },
  "1QG6_A_3AM5_A_TCL_malaria": {
    "center": [
      -0.28686666666666677,
      -18.460266666666662,
      13.161533333333335
    ],
    "size": [
      21.941,
      21.941,
      21.941
    ],
    "n_points": 15
  },
  "1QSG_A_1UH5_A_TCL_malaria": {
    "center": [
      15.736833333333331,
      14.703083333333334,
      11.989916666666666
    ],
    "size": [
      22.992,
      22.992,
      22.992
    ],
    "n_points": 12
  },
  "1QSG_A_3AM5_A_TCL_malaria": {
    "center": [
      15.269571428571428,
      15.56192857142857,
      12.637714285714281
    ],
    "size": [
      22.901,
      22.901,
      22.901
    ],
    "n_points": 14
  },
  "2B35_A_3AM5_A_TCL_malaria": {
    "center": [
      19.774812500000003,
      11.543750000000001,
      11.204312499999999
    ],
    "size": [
      21.090000000000003,
      21.090000000000003,
      21.090000000000003
    ],
    "n_points": 16
  },
  "2BL9_A_1J3K_A_CP6_malaria": {
    "center": [
      89.15806666666667,
      11.150066666666667,
      31.3214
    ],
    "size": [
      20.560000000000002,
      20.560000000000002,
      20.560000000000002
    ],
    "n_points": 15
  },
  "2BLA_A_1J3K_A_CP6_malaria": {
    "center": [
      28.455937500000005,
      0.6216875,
      10.544875
    ],
    "size": [
      20.89,
      20.89,
      20.89
    ],
    "n_points": 16
  },
  "2J50_A_1V0O_A_627_malaria": {
    "center": [
      24.443338983050836,
      39.65842372881359,
      25.886288135593215
    ],
    "size": [
      21.494,
      21.494,
      21.494
    ],
    "n_points": 59
  },
  "2J50_A_4RGJ_A_627_malaria": {
    "center": [
      25.63627272727272,
      39.978575757575754,
      24.33221212121212
    ],
    "size": [
      20.686,
      20.686,
      20.686
    ],
    "n_points": 33
  },
  "2O2S_A_3AM3_A_TCL_malaria": {
    "center": [
      -31.4191875,
      46.6815,
      39.426312499999995
    ],
    "size": [
      22.191000000000003,
      22.191000000000003,
      22.191000000000003
    ],
    "n_points": 16
  },
  "2PD3_A_3AM5_A_TCL_malaria": {
    "center": [
      9.109666666666666,
      10.052200000000001,
      21.996466666666663
    ],
    "size": [
      18.769,
      18.769,
      18.769
    ],
    "n_points": 15
  },
  "2QIO_A_1VRW_A_TCL_malaria": {
    "center": [
      30.01579166666667,
      53.914083333333316,
      79.66291666666667
    ],
    "size": [
      21.096000000000004,
      21.096000000000004,
      21.096000000000004
    ],
    "n_points": 24
  },
  "2VRX_A_5DYK_A_447_malaria": {
    "center": [
      14.58679545454546,
      -2.183568181818181,
      3.7236363636363636
    ],
    "size": [
      27.573,
      27.573,
      27.573
    ],
    "n_points": 44
  },
  "2WYW_A_1VRW_A_TCL_malaria": {
    "center": [
      22.61521739130435,
      9.16104347826087,
      17.50056521739131
    ],
    "size": [
      18.835,
      18.835,
      18.835
    ],
    "n_points": 23
  },
  "2Y7J_A_5DYK_A_B49_malaria": {
    "center": [
      -12.25131914893617,
      -6.769127659574464,
      39.744638297872335
    ],
    "size": [
      23.829,
      23.829,
      23.829
    ],
    "n_points": 47
  },
  "3F4B_A_3AM5_A_TCL_malaria": {
    "center": [
      0.25492857142857145,
      -22.101571428571425,
      -3.7642142857142855
    ],
    "size": [
      23.445,
      23.445,
      23.445
    ],
    "n_points": 14
  },
  "3FRF_A_3UM5_A_XCF_malaria": {
    "center": [
      25.245230769230766,
      10.366769230769231,
      41.4923076923077
    ],
    "size": [
      19.171000000000006,
      19.171000000000006,
      19.171000000000006
    ],
    "n_points": 13
  },
  "3GR6_A_3AM5_A_TCL_malaria": {
    "center": [
      7.66915789473684,
      22.661894736842108,
      -20.282684210526316
    ],
    "size": [
      23.668,
      23.668,
      23.668
    ],
    "n_points": 19
  },
  "3KRR_A_1V0B_A_DQX_malaria": {
    "center": [
      14.843016666666655,
      11.152699999999998,
      3.4832333333333336
    ],
    "size": [
      23.079,
      23.079,
      23.079
    ],
    "n_points": 60
  },
  "3KRR_A_1V0O_A_DQX_malaria": {
    "center": [
      15.494956521739134,
      10.50641304347826,
      4.148521739130433
    ],
    "size": [
      21.249,
      21.249,
      21.249
    ],
    "n_points": 46
  },
  "3MY0_A_4RGJ_A_LDN_malaria": {
    "center": [
      59.65176923076925,
      -53.83680769230769,
      -30.165961538461545
    ],
    "size": [
      17.551000000000002,
      17.551000000000002,
      17.551000000000002
    ],
    "n_points": 26
  },
  "3MY0_A_5DYK_A_LDN_malaria": {
    "center": [
      61.074119999999986,
      -50.63978,
      -32.42250000000001
    ],
    "size": [
      18.916000000000004,
      18.916000000000004,
      18.916000000000004
    ],
    "n_points": 50
  },
  "3NRC_A_3AM5_A_TCL_malaria": {
    "center": [
      -9.28655,
      -22.519849999999995,
      -8.443299999999999
    ],
    "size": [
      22.481,
      22.481,
      22.481
    ],
    "n_points": 20
  },
  "3OIF_A_1VRW_A_TCL_malaria": {
    "center": [
      39.257500000000014,
      37.906375,
      98.65370833333334
    ],
    "size": [
      19.837999999999997,
      19.837999999999997,
      19.837999999999997
    ],
    "n_points": 24
  },
  "3OIF_A_3AM5_A_TCL_malaria": {
    "center": [
      39.3594375,
      37.9023125,
      98.46831250000001
    ],
    "size": [
      19.911999999999995,
      19.911999999999995,
      19.911999999999995
    ],
    "n_points": 16
  },
  "3PJD_A_1UH5_A_TCL_malaria": {
    "center": [
      1.512,
      19.259071428571428,
      301.5637857142857
    ],
    "size": [
      19.617999999999995,
      19.617999999999995,
      19.617999999999995
    ],
    "n_points": 14
  },
  "3PJE_A_1VRW_A_TCL_malaria": {
    "center": [
      1.9863500000000005,
      18.961,
      300.58605
    ],
    "size": [
      19.511000000000024,
      19.511000000000024,
      19.511000000000024
    ],
    "n_points": 20
  },
  "3PJE_A_3AM3_A_TCL_malaria": {
    "center": [
      1.7579374999999997,
      19.044187499999996,
      300.5735624999999
    ],
    "size": [
      19.48199999999997,
      19.48199999999997,
      19.48199999999997
    ],
    "n_points": 16
  },
  "3PJF_A_1VRW_A_TCL_malaria": {
    "center": [
      32.03935294117647,
      30.1885294117647,
      -220.5025882352941
    ],
    "size": [
      21.905999999999995,
      21.905999999999995,
      21.905999999999995
    ],
    "n_points": 17
  },
  "3PRS_A_1LF3_A_RIT_malaria": {
    "center": [
      -1.1993939393939392,
      3.606454545454545,
      11.028333333333332
    ],
    "size": [
      24.329,
      24.329,
      24.329
    ],
    "n_points": 33
  },