{
  "1V0B_A_DQX_malaria": {
    "center": [
      14.843016666666655,
      11.152699999999998,
      3.4832333333333336
    ],
    "size": [
      23.079,
      23.079,
      23.079
    ],
    "n_points": 60
  }
}